{
  "@odata.context": "https://api.moveworks.ai/export/v1beta2/records/$metadata#users",
  "value": [
    {
      "access_to_bot": true,
      "email_addr": "user1@example.com",
      "external_ids": [
        {
          "connector_name": "gsuite",
          "external_id": "user1@example.com",
          "source": "GSUITE"
        },
        {
          "connector_name": "webex",
          "external_id": "user1@example.com",
          "source": "WEBEX"
        },
        {
          "connector_name": "vayusphere",
          "external_id": "user1@example.com",
          "source": "UNKNOWN_SYSTEM"
        },
        {
          "connector_name": "movewebchat",
          "external_id": "user1@example.com",
          "source": "MOVEWEBCHAT"
        },
        {
          "connector_name": "snow",
          "external_id": "e35d5862839222107132f0d6feaad328",
          "source": "SNOW"
        },
        {
          "connector_name": "jira_service_desk",
          "external_id": "712020:0ac3f8d0-3e9a-46d2-9cea-77f39536155f",
          "source": "JIRA_SERVICE_DESK"
        },
        {
          "connector_name": "slack",
          "external_id": "U08NLE975K7:T9Y2010KZ",
          "source": "SLACK"
        },
        {
          "connector_name": "okta",
          "external_id": "00ulouprptE8Bij1s1d7",
          "source": "OKTA"
        },
        {
          "connector_name": "ms_graph",
          "external_id": "51bf5161-0cc4-4f29-b0f9-bd164dc151f5",
          "source": "MS_GRAPH"
        }
      ],
      "first_interaction_time": "2025-04-21T15:39:11.483Z",
      "first_name": "FirstName1",
      "id": "563436857369410759",
      "last_name": "LastName1",
      "last_updated_time": "2025-07-02T13:04:42.100Z",
      "latest_interaction_time": "2025-07-01T21:43:08.909Z",
      "user_preferred_language": "EN_US"
    },
    {
      "access_to_bot": true,
      "email_addr": "user2@example.com",
      "external_ids": [
        {
          "connector_name": "slack",
          "external_id": "U03F1GTPUUT:T9Y2010KZ",
          "source": "SLACK"
        },
        {
          "connector_name": "okta",
          "external_id": "00ucdj4im2GlEW2271d7",
          "source": "OKTA"
        },
        {
          "connector_name": "jira_service_desk",
          "external_id": "627bed7c0d1e73006f7cc31d",
          "source": "JIRA_SERVICE_DESK"
        },
        {
          "connector_name": "webex",
          "external_id": "user2@example.com",
          "source": "WEBEX"
        },
        {
          "connector_name": "vayusphere",
          "external_id": "user2@example.com",
          "source": "UNKNOWN_SYSTEM"
        },
        {
          "connector_name": "movewebchat",
          "external_id": "user2@example.com",
          "source": "MOVEWEBCHAT"
        },
        {
          "connector_name": "ms_graph",
          "external_id": "4f7ed288-b053-4099-8ef9-90d8d32c9047",
          "source": "MS_GRAPH"
        },
        {
          "connector_name": "gsuite",
          "external_id": "user2@example.com",
          "source": "GSUITE"
        },
        {
          "connector_name": "snow",
          "external_id": "76bc98ea835222107132f0d6feaad31b",
          "source": "SNOW"
        }
      ],
      "first_interaction_time": "2025-01-24T03:42:22.346Z",
      "first_name": "FirstName2",
      "id": "1783059148594133706",
      "last_name": "LastName2",
      "last_updated_time": "2025-07-02T13:04:42.100Z",
      "latest_interaction_time": "2025-06-30T18:53:59.946Z",
      "user_preferred_language": "EN_US"
    },
    {
      "access_to_bot": true,
      "email_addr": "user3@example.com",
      "external_ids": [
        {
          "connector_name": "snow",
          "external_id": "5d4d1822839222107132f0d6feaad33c",
          "source": "SNOW"
        },
        {
          "connector_name": "okta",
          "external_id": "00ug5zz36tCMiDu3t1d7",
          "source": "OKTA"
        },
        {
          "connector_name": "movewebchat",
          "external_id": "user3@example.com",
          "source": "MOVEWEBCHAT"
        },
        {
          "connector_name": "ms_graph",
          "external_id": "13e3e21e-7e19-4e4f-a8ab-9a2b541dbef2",
          "source": "MS_GRAPH"
        },
        {
          "connector_name": "jira_service_desk",
          "external_id": "712020:aafa0ca2-225c-43e8-8b8f-de83e771750c",
          "source": "JIRA_SERVICE_DESK"
        },
        {
          "connector_name": "slack",
          "external_id": "U07FCBC4ERX:T9Y2010KZ",
          "source": "SLACK"
        },
        {
          "connector_name": "webex",
          "external_id": "user3@example.com",
          "source": "WEBEX"
        },
        {
          "connector_name": "vayusphere",
          "external_id": "user3@example.com",
          "source": "UNKNOWN_SYSTEM"
        },
        {
          "connector_name": "gsuite",
          "external_id": "user3@example.com",
          "source": "GSUITE"
        }
      ],
      "first_interaction_time": "2024-08-08T18:33:26.033Z",
      "first_name": "FirstName3",
      "id": "9859000451343085614",
      "last_name": "LastName3",
      "last_updated_time": "2025-07-03T13:38:27.920Z",
      "latest_interaction_time": "2025-07-02T22:46:00.622Z",
      "user_preferred_language": "EN_US"
    },
    {
      "access_to_bot": true,
      "email_addr": "user4@example.com",
      "external_ids": [
        {
          "connector_name": "slack",
          "external_id": "U03ESSS2ZT6:T9Y2010KZ",
          "source": "SLACK"
        },
        {
          "connector_name": "movewebchat",
          "external_id": "user4@example.com",
          "source": "MOVEWEBCHAT"
        },
        {
          "connector_name": "ms_graph",
          "external_id": "a807f80a-9155-4755-89a7-2b4f78266cbf",
          "source": "MS_GRAPH"
        },
        {
          "connector_name": "gsuite",
          "external_id": "user4@example.com",
          "source": "GSUITE"
        },
        {
          "connector_name": "jira_service_desk",
          "external_id": "627989538dd5f3006854cc17",
          "source": "JIRA_SERVICE_DESK"
        },
        {
          "connector_name": "webex",
          "external_id": "user4@example.com",
          "source": "WEBEX"
        },
        {
          "connector_name": "okta",
          "external_id": "00ucdje0dv9WQ7bSL1d7",
          "source": "OKTA"
        },
        {
          "connector_name": "vayusphere",
          "external_id": "user4@example.com",
          "source": "UNKNOWN_SYSTEM"
        },
        {
          "connector_name": "snow",
          "external_id": "a6dcd06e835222107132f0d6feaad30f",
          "source": "SNOW"
        }
      ],
      "first_interaction_time": "2024-11-26T15:50:35.499Z",
      "first_name": "FirstName4",
      "id": "1307480517964869433",
      "last_name": "LastName4",
      "last_updated_time": "2025-07-03T13:38:27.920Z",
      "latest_interaction_time": "2024-11-26T15:56:38.356Z",
      "user_preferred_language": "EN_US"
    },
    {
      "access_to_bot": true,
      "email_addr": "user5@example.com",
      "external_ids": [
        {
          "connector_name": "movewebchat",
          "external_id": "user5@example.com",
          "source": "MOVEWEBCHAT"
        },
        {
          "connector_name": "snow",
          "external_id": "651dd4ee835222107132f0d6feaad3f6",
          "source": "SNOW"
        },
        {
          "connector_name": "jira_service_desk",
          "external_id": "606dac394532c900697ab81c",
          "source": "JIRA_SERVICE_DESK"
        },
        {
          "connector_name": "slack",
          "external_id": "U01TB5NRQJZ:T9Y2010KZ",
          "source": "SLACK"
        },
        {
          "connector_name": "webex",
          "external_id": "user5@example.com",
          "source": "WEBEX"
        },
        {
          "connector_name": "okta",
          "external_id": "00ucdjp8uszhN77k61d7",
          "source": "OKTA"
        },
        {
          "connector_name": "ms_graph",
          "external_id": "dec39fdb-6564-4898-98be-beed07e5e845",
          "source": "MS_GRAPH"
        },
        {
          "connector_name": "gsuite",
          "external_id": "user5@example.com",
          "source": "GSUITE"
        },
        {
          "connector_name": "vayusphere",
          "external_id": "user5@example.com",
          "source": "UNKNOWN_SYSTEM"
        }
      ],
      "first_interaction_time": "2023-11-30T14:58:01.933Z",
      "first_name": "FirstName5",
      "id": "4433173784853552599",
      "last_name": "LastName5",
      "last_updated_time": "2025-07-03T13:38:27.920Z",
      "latest_interaction_time": "2025-07-02T17:31:33.681Z",
      "user_preferred_language": "EN_US"
    },
    {
      "access_to_bot": true,
      "email_addr": "user6@example.com",
      "external_ids": [
        {
          "connector_name": "ms_graph",
          "external_id": "9a09a722-e8df-4101-89f6-d8e80e41672e",
          "source": "MS_GRAPH"
        },
        {
          "connector_name": "snow",
          "external_id": "3ddc106e835222107132f0d6feaad33d",
          "source": "SNOW"
        },
        {
          "connector_name": "okta",
          "external_id": "00ucdjdmd6zk7cvE61d7",
          "source": "OKTA"
        },
        {
          "connector_name": "movewebchat",
          "external_id": "user6@example.com",
          "source": "MOVEWEBCHAT"
        },
        {
          "connector_name": "gsuite",
          "external_id": "user6@example.com",
          "source": "GSUITE"
        },
        {
          "connector_name": "jira_service_desk",
          "external_id": "5e013494b783d60db09ed5be",
          "source": "JIRA_SERVICE_DESK"
        },
        {
          "connector_name": "slack",
          "external_id": "US08Q9PK6:T9Y2010KZ",
          "source": "SLACK"
        },
        {
          "connector_name": "webex",
          "external_id": "user6@example.com",
          "source": "WEBEX"
        },
        {
          "connector_name": "vayusphere",
          "external_id": "user6@example.com",
          "source": "UNKNOWN_SYSTEM"
        }
      ],
      "first_interaction_time": "2023-12-05T05:52:50.958Z",
      "first_name": "FirstName6",
      "id": "3182271082088719831",
      "last_name": "LastName6",
      "last_updated_time": "2025-07-03T13:38:27.920Z",
      "latest_interaction_time": "2025-07-01T21:26:08.688Z",
      "user_preferred_language": "EN_US"
    },
    {
      "access_to_bot": true,
      "email_addr": "user7@example.com",
      "external_ids": [
        {
          "connector_name": "vayusphere",
          "external_id": "user7@example.com",
          "source": "UNKNOWN_SYSTEM"
        },
        {
          "connector_name": "movewebchat",
          "external_id": "user7@example.com",
          "source": "MOVEWEBCHAT"
        },
        {
          "connector_name": "ms_graph",
          "external_id": "f405cb97-698c-4ae8-b244-6af28a3e3b64",
          "source": "MS_GRAPH"
        },
        {
          "connector_name": "jira_service_desk",
          "external_id": "712020:79280290-b374-4df3-af58-aaa2b62097bc",
          "source": "JIRA_SERVICE_DESK"
        },
        {
          "connector_name": "okta",
          "external_id": "00udyf3y2mVNRWXls1d7",
          "source": "OKTA"
        },
        {
          "connector_name": "gsuite",
          "external_id": "user7@example.com",
          "source": "GSUITE"
        },
        {
          "connector_name": "snow",
          "external_id": "063dd022839222107132f0d6feaad3e4",
          "source": "SNOW"
        },
        {
          "connector_name": "slack",
          "external_id": "U06V16ZUEN4:T9Y2010KZ",
          "source": "SLACK"
        },
        {
          "connector_name": "webex",
          "external_id": "user7@example.com",
          "source": "WEBEX"
        }
      ],
      "first_interaction_time": "2024-06-05T23:38:16.395Z",
      "first_name": "FirstName7",
      "id": "9299455616820511019",
      "last_name": "LastName7",
      "last_updated_time": "2025-07-03T13:38:27.920Z",
      "latest_interaction_time": "2025-02-24T22:04:10.721Z",
      "user_preferred_language": "EN_US"
    },
    {
      "access_to_bot": true,
      "email_addr": "user8@example.com",
      "external_ids": [
        {
          "connector_name": "movewebchat",
          "external_id": "user8@example.com",
          "source": "MOVEWEBCHAT"
        },
        {
          "connector_name": "snow",
          "external_id": "523dd022839222107132f0d6feaad3f3",
          "source": "SNOW"
        },
        {
          "connector_name": "jira_service_desk",
          "external_id": "712020:11bb5764-d3dc-46db-93ba-fa7f3cddc7e6",
          "source": "JIRA_SERVICE_DESK"
        },
        {
          "connector_name": "webex",
          "external_id": "user8@example.com",
          "source": "WEBEX"
        },
        {
          "connector_name": "okta",
          "external_id": "00ue238iwtz8eQiCb1d7",
          "source": "OKTA"
        },
        {
          "connector_name": "ms_graph",
          "external_id": "addbe6e8-b33e-4dc1-ac7a-3c25219bac36",
          "source": "MS_GRAPH"
        },
        {
          "connector_name": "gsuite",
          "external_id": "user8@example.com",
          "source": "GSUITE"
        },
        {
          "connector_name": "slack",
          "external_id": "U06UK4D0GG5:T9Y2010KZ",
          "source": "SLACK"
        },
        {
          "connector_name": "vayusphere",
          "external_id": "user8@example.com",
          "source": "UNKNOWN_SYSTEM"
        }
      ],
      "first_interaction_time": "2025-01-27T18:11:37.995Z",
      "first_name": "FirstName8",
      "id": "4816795519053655133",
      "last_name": "LastName8",
      "last_updated_time": "2025-07-03T13:38:27.920Z",
      "latest_interaction_time": "2025-04-02T22:50:58.017Z",
      "user_preferred_language": "EN_US"
    },
    {
      "access_to_bot": true,
      "email_addr": "user9@example.com",
      "external_ids": [
        {
          "connector_name": "ms_graph",
          "external_id": "23c2118a-9bc8-48cc-ad92-01fbc82f11a9",
          "source": "MS_GRAPH"
        },
        {
          "connector_name": "gsuite",
          "external_id": "user9@example.com",
          "source": "GSUITE"
        },
        {
          "connector_name": "slack",
          "external_id": "U01HG5J3M8R:T9Y2010KZ",
          "source": "SLACK"
        },
        {
          "connector_name": "webex",
          "external_id": "user9@example.com",
          "source": "WEBEX"
        },
        {
          "connector_name": "vayusphere",
          "external_id": "user9@example.com",
          "source": "UNKNOWN_SYSTEM"
        },
        {
          "connector_name": "movewebchat",
          "external_id": "user9@example.com",
          "source": "MOVEWEBCHAT"
        },
        {
          "connector_name": "snow",
          "external_id": "cbfc58ae835222107132f0d6feaad306",
          "source": "SNOW"
        },
        {
          "connector_name": "jira_service_desk",
          "external_id": "5ff399c3f7ea2a0107a1dee3",
          "source": "JIRA_SERVICE_DESK"
        },
        {
          "connector_name": "okta",
          "external_id": "00ucdjlqf22OmZ0B71d7",
          "source": "OKTA"
        }
      ],
      "first_interaction_time": "2023-11-29T22:45:33.317Z",
      "first_name": "FirstName9",
      "id": "5268401595753423668",
      "last_name": "LastName9",
      "last_updated_time": "2025-07-03T13:38:27.920Z",
      "latest_interaction_time": "2025-02-03T19:52:05.686Z",
      "user_preferred_language": "EN_US"
    },
    {
      "access_to_bot": true,
      "email_addr": "user10@example.com",
      "external_ids": [
        {
          "connector_name": "movewebchat",
          "external_id": "user10@example.com",
          "source": "MOVEWEBCHAT"
        },
        {
          "connector_name": "gsuite",
          "external_id": "user10@example.com",
          "source": "GSUITE"
        },
        {
          "connector_name": "snow",
          "external_id": "b50d9cae835222107132f0d6feaad390",
          "source": "SNOW"
        },
        {
          "connector_name": "jira_service_desk",
          "external_id": "60304955871d3000684aaafa",
          "source": "JIRA_SERVICE_DESK"
        },
        {
          "connector_name": "webex",
          "external_id": "user10@example.com",
          "source": "WEBEX"
        },
        {
          "connector_name": "okta",
          "external_id": "00ucdjn4guL7oJKID1d7",
          "source": "OKTA"
        },
        {
          "connector_name": "ms_graph",
          "external_id": "da0eb13b-1dd9-4815-b112-c371e9cd3a90",
          "source": "MS_GRAPH"
        },
        {
          "connector_name": "slack",
          "external_id": "U01NBEX520P:T9Y2010KZ",
          "source": "SLACK"
        },
        {
          "connector_name": "vayusphere",
          "external_id": "user10@example.com",
          "source": "UNKNOWN_SYSTEM"
        }
      ],
      "first_interaction_time": "2024-01-03T02:02:06.488Z",
      "first_name": "FirstName10",
      "id": "15392314957513647503",
      "last_name": "LastName10",
      "last_updated_time": "2025-07-03T13:38:27.920Z",
      "latest_interaction_time": "2025-05-28T19:23:33.965Z",
      "user_preferred_language": "EN_US"
    },
    {
      "access_to_bot": true,
      "email_addr": "user11@example.com",
      "external_ids": [
        {
          "connector_name": "movewebchat",
          "external_id": "user11@example.com",
          "source": "MOVEWEBCHAT"
        },
        {
          "connector_name": "gsuite",
          "external_id": "user11@example.com",
          "source": "GSUITE"
        },
        {
          "connector_name": "jira_service_desk",
          "external_id": "712020:1edc758c-7511-449e-8de3-07809f7a6e64",
          "source": "JIRA_SERVICE_DESK"
        },
        {
          "connector_name": "slack",
          "external_id": "U08S11T9BLJ:T9Y2010KZ",
          "source": "SLACK"
        },
        {
          "connector_name": "webex",
          "external_id": "user11@example.com",
          "source": "WEBEX"
        },
        {
          "connector_name": "ms_graph",
          "external_id": "79846632-f505-4d42-a80b-1de29d6a0481",
          "source": "MS_GRAPH"
        },
        {
          "connector_name": "snow",
          "external_id": "ac6dd862839222107132f0d6feaad397",
          "source": "SNOW"
        },
        {
          "connector_name": "okta",
          "external_id": "00um0vuzydKhkn62B1d7",
          "source": "OKTA"
        },
        {
          "connector_name": "vayusphere",
          "external_id": "user11@example.com",
          "source": "UNKNOWN_SYSTEM"
        }
      ],
      "first_interaction_time": "2025-05-12T15:41:26.995Z",
      "first_name": "FirstName11",
      "id": "8689511239143717317",
      "last_name": "LastName11",
      "last_updated_time": "2025-07-03T13:38:27.920Z",
      "latest_interaction_time": "2025-06-20T19:36:46.215Z",
      "user_preferred_language": "EN_US"
    },
    {
      "access_to_bot": true,
      "email_addr": "user12@example.com",
      "external_ids": [
        {
          "connector_name": "movewebchat",
          "external_id": "user12@example.com",
          "source": "MOVEWEBCHAT"
        },
        {
          "connector_name": "gsuite",
          "external_id": "user12@example.com",
          "source": "GSUITE"
        },
        {
          "connector_name": "snow",
          "external_id": "05fc10ae835222107132f0d6feaad340",
          "source": "SNOW"
        },
        {
          "connector_name": "slack",
          "external_id": "UM7EJ3RA5:T9Y2010KZ",
          "source": "SLACK"
        },
        {
          "connector_name": "webex",
          "external_id": "user12@example.com",
          "source": "WEBEX"
        },
        {
          "connector_name": "okta",
          "external_id": "00ucdjjjk5pfWE6D31d7",
          "source": "OKTA"
        },
        {
          "connector_name": "vayusphere",
          "external_id": "user12@example.com",
          "source": "UNKNOWN_SYSTEM"
        },
        {
          "connector_name": "ms_graph",
          "external_id": "2505a43e-f650-4bbf-b4bb-072f363bac96",
          "source": "MS_GRAPH"
        },
        {
          "connector_name": "jira_service_desk",
          "external_id": "5d7028c430f82c0c36be3401",
          "source": "JIRA_SERVICE_DESK"
        }
      ],
      "first_interaction_time": "2024-01-24T19:16:54.069Z",
      "first_name": "FirstName12",
      "id": "3168001185076940254",
      "last_name": "LastName12",
      "last_updated_time": "2025-07-03T13:38:27.920Z",
      "latest_interaction_time": "2025-05-20T21:54:41.468Z",
      "user_preferred_language": "EN_US"
    },
    {
      "access_to_bot": true,
      "email_addr": "user13@example.com",
      "external_ids": [
        {
          "connector_name": "ms_graph",
          "external_id": "d48365bc-d223-4e4d-8c2b-8767bd0e48d5",
          "source": "MS_GRAPH"
        },
        {
          "connector_name": "jira_service_desk",
          "external_id": "624b827af813eb00692cdce3",
          "source": "JIRA_SERVICE_DESK"
        },
        {
          "connector_name": "slack",
          "external_id": "U03AS4VF20G:T9Y2010KZ",
          "source": "SLACK"
        },
        {
          "connector_name": "gsuite",
          "external_id": "user13@example.com",
          "source": "GSUITE"
        },
        {
          "connector_name": "snow",
          "external_id": "29dc9c2e835222107132f0d6feaad3b3",
          "source": "SNOW"
        },
        {
          "connector_name": "webex",
          "external_id": "user13@example.com",
          "source": "WEBEX"
        },
        {
          "connector_name": "okta",
          "external_id": "00ucdjbr7pYJwepxO1d7",
          "source": "OKTA"
        },
        {
          "connector_name": "vayusphere",
          "external_id": "user13@example.com",
          "source": "UNKNOWN_SYSTEM"
        },
        {
          "connector_name": "movewebchat",
          "external_id": "user13@example.com",
          "source": "MOVEWEBCHAT"
        }
      ],
      "first_interaction_time": "2024-01-05T15:30:36.060Z",
      "first_name": "FirstName13",
      "id": "10778737940571552346",
      "last_name": "LastName13",
      "last_updated_time": "2025-07-03T13:38:27.920Z",
      "latest_interaction_time": "2025-06-30T19:48:21.335Z",
      "user_preferred_language": "EN_US"
    },
    {
      "access_to_bot": true,
      "email_addr": "user14@example.com",
      "external_ids": [
        {
          "connector_name": "ms_graph",
          "external_id": "7eeb58e7-1e86-4a57-b08d-66f5e650221d",
          "source": "MS_GRAPH"
        },
        {
          "connector_name": "slack",
          "external_id": "U033JTK8NE5:T9Y2010KZ",
          "source": "SLACK"
        },
        {
          "connector_name": "vayusphere",
          "external_id": "user14@example.com",
          "source": "UNKNOWN_SYSTEM"
        },
        {
          "connector_name": "movewebchat",
          "external_id": "user14@example.com",
          "source": "MOVEWEBCHAT"
        },
        {
          "connector_name": "gsuite",
          "external_id": "user14@example.com",
          "source": "GSUITE"
        },
        {
          "connector_name": "snow",
          "external_id": "1cbcd4ea835222107132f0d6feaad308",
          "source": "SNOW"
        },
        {
          "connector_name": "jira_service_desk",
          "external_id": "620bd40b156f53006b24c856",
          "source": "JIRA_SERVICE_DESK"
        },
        {
          "connector_name": "webex",
          "external_id": "user14@example.com",
          "source": "WEBEX"
        },
        {
          "connector_name": "okta",
          "external_id": "00ucdizudzHjg07Bx1d7",
          "source": "OKTA"
        }
      ],
      "first_interaction_time": "2023-11-30T01:43:53.671Z",
      "first_name": "FirstName14",
      "id": "3263211580452466396",
      "last_name": "LastName14",
      "last_updated_time": "2025-07-03T13:38:27.920Z",
      "latest_interaction_time": "2025-07-02T20:57:03.440Z",
      "user_preferred_language": "EN_US"
    },
    {
      "access_to_bot": true,
      "email_addr": "user15@example.com",
      "external_ids": [
        {
          "connector_name": "snow",
          "external_id": "c55d1062839222107132f0d6feaad331",
          "source": "SNOW"
        },
        {
          "connector_name": "jira_service_desk",
          "external_id": "qm:065d4346-6fa7-478e-8ce2-395131534836:f0f313af-317a-4f2f-ae8e-534670b00c3f",
          "source": "JIRA_SERVICE_DESK"
        },
        {
          "connector_name": "webex",
          "external_id": "user15@example.com",
          "source": "WEBEX"
        },
        {
          "connector_name": "movewebchat",
          "external_id": "user15@example.com",
          "source": "MOVEWEBCHAT"
        },
        {
          "connector_name": "ms_graph",
          "external_id": "8f7436b9-850e-4fbf-977c-f47493225d9c",
          "source": "MS_GRAPH"
        },
        {
          "connector_name": "slack",
          "external_id": "U08J33G5CEL:T9Y2010KZ",
          "source": "SLACK"
        },
        {
          "connector_name": "okta",
          "external_id": "00ukvs7g2uHQrsrZx1d7",
          "source": "OKTA"
        },
        {
          "connector_name": "vayusphere",
          "external_id": "user15@example.com",
          "source": "UNKNOWN_SYSTEM"
        },
        {
          "connector_name": "gsuite",
          "external_id": "user15@example.com",
          "source": "GSUITE"
        }
      ],
      "first_interaction_time": "2025-03-17T17:18:32.719Z",
      "first_name": "FirstName15",
      "id": "12648661461218723099",
      "last_name": "LastName15",
      "last_updated_time": "2025-07-03T13:38:27.920Z",
      "latest_interaction_time": "2025-07-02T18:32:15.569Z",
      "user_preferred_language": "EN_US"
    },
    {
      "access_to_bot": true,
      "email_addr": "user16@example.com",
      "external_ids": [
        {
          "connector_name": "ms_graph",
          "external_id": "6f8ce70d-baa7-460b-bc61-8d2c34d022b9",
          "source": "MS_GRAPH"
        },
        {
          "connector_name": "snow",
          "external_id": "22dcd06e835222107132f0d6feaad313",
          "source": "SNOW"
        },
        {
          "connector_name": "jira_service_desk",
          "external_id": "631b78cbd8850343ef5aa4b1",
          "source": "JIRA_SERVICE_DESK"
        },
        {
          "connector_name": "slack",
          "external_id": "U041VLT4QFN:T9Y2010KZ",
          "source": "SLACK"
        },
        {
          "connector_name": "webex",
          "external_id": "user16@example.com",
          "source": "WEBEX"
        },
        {
          "connector_name": "vayusphere",
          "external_id": "user16@example.com",
          "source": "UNKNOWN_SYSTEM"
        },
        {
          "connector_name": "movewebchat",
          "external_id": "user16@example.com",
          "source": "MOVEWEBCHAT"
        },
        {
          "connector_name": "gsuite",
          "external_id": "user16@example.com",
          "source": "GSUITE"
        },
        {
          "connector_name": "okta",
          "external_id": "00ucdje0eqbZSIand1d7",
          "source": "OKTA"
        }
      ],
      "first_interaction_time": "2025-01-28T17:00:18.337Z",
      "first_name": "FirstName16",
      "id": "15026183592913903300",
      "last_name": "LastName16",
      "last_updated_time": "2025-07-03T13:38:27.920Z",
      "latest_interaction_time": "2025-07-01T18:14:51.398Z",
      "user_preferred_language": "EN_US"
    },
    {
      "access_to_bot": true,
      "email_addr": "user17@example.com",
      "external_ids": [
        {
          "connector_name": "ms_graph",
          "external_id": "ea23125f-69e1-47bb-af60-85e7ef2e9cf2",
          "source": "MS_GRAPH"
        },
        {
          "connector_name": "gsuite",
          "external_id": "user17@example.com",
          "source": "GSUITE"
        },
        {
          "connector_name": "snow",
          "external_id": "e7cc982e835222107132f0d6feaad367",
          "source": "SNOW"
        },
        {
          "connector_name": "jira_service_desk",
          "external_id": "608707ee2a753d007107b49d",
          "source": "JIRA_SERVICE_DESK"
        },
        {
          "connector_name": "slack",
          "external_id": "U01V9N82CT0:T9Y2010KZ",
          "source": "SLACK"
        },
        {
          "connector_name": "vayusphere",
          "external_id": "user17@example.com",
          "source": "UNKNOWN_SYSTEM"
        },
        {
          "connector_name": "webex",
          "external_id": "user17@example.com",
          "source": "WEBEX"
        },
        {
          "connector_name": "okta",
          "external_id": "00ucdjbe96ZHSWkXz1d7",
          "source": "OKTA"
        },
        {
          "connector_name": "movewebchat",
          "external_id": "user17@example.com",
          "source": "MOVEWEBCHAT"
        }
      ],
      "first_interaction_time": "2024-02-13T22:56:37.942Z",
      "first_name": "FirstName17",
      "id": "8985711877020521196",
      "last_name": "LastName17",
      "last_updated_time": "2025-07-03T13:38:27.920Z",
      "latest_interaction_time": "2025-06-23T17:59:32.783Z",
      "user_preferred_language": "EN_US"
    },
    {
      "access_to_bot": true,
      "email_addr": "user18@example.com",
      "external_ids": [
        {
          "connector_name": "snow",
          "external_id": "204d9422839222107132f0d6feaad349",
          "source": "SNOW"
        },
        {
          "connector_name": "slack",
          "external_id": "U07BQ0CGTRR:T9Y2010KZ",
          "source": "SLACK"
        },
        {
          "connector_name": "movewebchat",
          "external_id": "user18@example.com",
          "source": "MOVEWEBCHAT"
        },
        {
          "connector_name": "jira_service_desk",
          "external_id": "712020:77fa081d-6959-4509-a174-f043fe650c97",
          "source": "JIRA_SERVICE_DESK"
        },
        {
          "connector_name": "webex",
          "external_id": "user18@example.com",
          "source": "WEBEX"
        },
        {
          "connector_name": "okta",
          "external_id": "00ufjuf0iwjgVFIbC1d7",
          "source": "OKTA"
        },
        {
          "connector_name": "vayusphere",
          "external_id": "user18@example.com",
          "source": "UNKNOWN_SYSTEM"
        },
        {
          "connector_name": "ms_graph",
          "external_id": "7363af4f-73c6-48c7-affc-264d7b3a2195",
          "source": "MS_GRAPH"
        },
        {
          "connector_name": "gsuite",
          "external_id": "user18@example.com",
          "source": "GSUITE"
        }
      ],
      "first_interaction_time": "2024-07-10T16:14:14.607Z",
      "first_name": "FirstName18",
      "id": "14834328764553327177",
      "last_name": "LastName18",
      "last_updated_time": "2025-07-03T13:38:27.920Z",
      "latest_interaction_time": "2025-06-19T13:34:57.976Z",
      "user_preferred_language": "EN_US"
    },
    {
      "access_to_bot": true,
      "email_addr": "user19@example.com",
      "external_ids": [
        {
          "connector_name": "vayusphere",
          "external_id": "user19@example.com",
          "source": "UNKNOWN_SYSTEM"
        },
        {
          "connector_name": "ms_graph",
          "external_id": "fb34b3c6-ec01-4111-9969-f63abfd26f0e",
          "source": "MS_GRAPH"
        },
        {
          "connector_name": "gsuite",
          "external_id": "user19@example.com",
          "source": "GSUITE"
        },
        {
          "connector_name": "snow",
          "external_id": "b6ec1c6e835222107132f0d6feaad326",
          "source": "SNOW"
        },
        {
          "connector_name": "jira_service_desk",
          "external_id": "6154b8349cdb9300722ed3ad",
          "source": "JIRA_SERVICE_DESK"
        },
        {
          "connector_name": "slack",
          "external_id": "U02G11RTXC5:T9Y2010KZ",
          "source": "SLACK"
        },
        {
          "connector_name": "webex",
          "external_id": "user19@example.com",
          "source": "WEBEX"
        },
        {
          "connector_name": "okta",
          "external_id": "00ucdjfp2ci6Q5TqN1d7",
          "source": "OKTA"
        },
        {
          "connector_name": "movewebchat",
          "external_id": "user19@example.com",
          "source": "MOVEWEBCHAT"
        }
      ],
      "first_interaction_time": "2023-12-12T16:48:00.787Z",
      "first_name": "FirstName19",
      "id": "9205043795079768659",
      "last_name": "LastName19",
      "last_updated_time": "2025-07-03T13:38:27.920Z",
      "latest_interaction_time": "2025-05-07T18:20:08.982Z",
      "user_preferred_language": "EN_US"
    },
    {
      "access_to_bot": true,
      "email_addr": "user20@example.com",
      "external_ids": [
        {
          "connector_name": "jira_service_desk",
          "external_id": "qm:065d4346-6fa7-478e-8ce2-395131534836:974d78ab-0dfa-4de2-8abd-b21819079843",
          "source": "JIRA_SERVICE_DESK"
        },
        {
          "connector_name": "okta",
          "external_id": "00uo4y71z7IuIWa5i1d7",
          "source": "OKTA"
        },
        {
          "connector_name": "ms_graph",
          "external_id": "4503a967-3199-4aa6-a2a1-b32890122608",
          "source": "MS_GRAPH"
        },
        {
          "connector_name": "gsuite",
          "external_id": "user20@example.com",
          "source": "GSUITE"
        },
        {
          "connector_name": "slack",
          "external_id": "U095YTN6B6G:T9Y2010KZ",
          "source": "SLACK"
        },
        {
          "connector_name": "webex",
          "external_id": "user20@example.com",
          "source": "WEBEX"
        },
        {
          "connector_name": "vayusphere",
          "external_id": "user20@example.com",
          "source": "UNKNOWN_SYSTEM"
        },
        {
          "connector_name": "movewebchat",
          "external_id": "user20@example.com",
          "source": "MOVEWEBCHAT"
        },
        {
          "connector_name": "snow",
          "external_id": "c28106788372e2107132f0d6feaad31d",
          "source": "SNOW"
        }
      ],
      "first_interaction_time": "2025-07-16T19:25:57.712Z",
      "first_name": "FirstName20",
      "id": "12625933170243222409",
      "last_name": "LastName20",
      "last_updated_time": "2025-07-24T16:15:47.151Z",
      "latest_interaction_time": "2025-07-23T19:56:02.894Z",
      "user_preferred_language": "EN_US"
    }
  ]
}